AppointmentID,Date,Status,DonorID,DonationCenterID,SlotID
1,2022-08-03,Pending,10,4,2
2,2021-08-24,Completed,6,4,10
3,2022-02-26,Completed,9,2,2
4,2022-12-23,Pending,8,4,17
5,2021-07-25,Completed,2,4,21
6,2021-01-07,Pending,1,4,31
7,2020-09-10,Pending,9,4,27
8,2020-04-01,Pending,10,3,24
9,2021-03-17,Pending,3,4,14
10,2022-10-31,Completed,2,1,16
11,2021-06-24,Completed,8,3,1
12,2020-06-21,Pending,10,4,17
13,2023-02-13,Pending,10,4,13
14,2021-02-03,Pending,4,4,20
15,2020-04-26,Pending,5,3,1
16,2021-09-26,Completed,3,1,28
17,2021-01-14,Completed,9,4,14
18,2022-12-15,Pending,3,2,32
19,2023-01-03,Completed,6,2,24
20,2020-04-28,Pending,8,4,1
21,2020-01-24,Pending,3,1,25
22,2020-10-17,Pending,6,2,13
23,2022-07-24,Completed,5,3,19
24,2020-05-10,Pending,5,1,30
25,2022-10-08,Completed,5,1,20
26,2020-05-19,Pending,4,3,4
27,2020-09-01,Completed,5,3,12
28,2020-05-07,Pending,8,2,4
29,2020-04-01,Pending,2,3,9
30,2023-02-22,Pending,7,4,29
31,2021-03-17,Pending,10,1,17
32,2020-07-08,Completed,1,2,20
33,2022-12-09,Completed,7,3,4
34,2021-12-28,Completed,6,1,18
35,2023-01-13,Completed,7,2,7
36,2022-06-27,Pending,1,4,29
37,2020-07-19,Pending,5,4,30
38,2022-05-19,Pending,10,1,30
39,2022-02-05,Completed,4,3,19
40,2022-09-11,Completed,2,2,28
41,2020-04-01,Completed,2,3,4
42,2020-01-25,Completed,1,2,28
43,2021-04-10,Completed,6,3,15
44,2022-09-07,Pending,3,2,4
45,2020-01-11,Pending,5,4,9
46,2022-09-11,Completed,4,4,14
47,2021-12-19,Pending,10,4,16
48,2021-05-08,Completed,2,2,21
49,2020-06-26,Pending,8,4,14
50,2021-11-08,Pending,7,3,26
51,2022-08-08,Pending,8,1,23
52,2020-08-20,Pending,3,3,29
53,2020-10-28,Pending,6,1,28
54,2020-12-01,Completed,2,3,4
55,2021-12-08,Completed,2,1,9
56,2023-01-01,Completed,3,2,14
57,2020-06-12,Pending,3,2,4
58,2021-03-01,Pending,5,1,25
59,2021-09-16,Completed,8,2,6
60,2022-10-23,Completed,10,4,27
61,2021-03-25,Completed,2,1,26
62,2020-11-06,Completed,10,1,1
63,2022-05-13,Completed,8,1,20
64,2021-08-04,Pending,5,2,1
65,2021-09-30,Pending,7,1,5
66,2021-11-18,Completed,5,2,4
67,2020-02-19,Completed,3,2,3
68,2022-07-07,Completed,6,2,2
69,2020-08-13,Pending,2,4,7
70,2021-01-11,Completed,8,3,27
71,2022-07-10,Pending,6,2,20
72,2022-04-15,Pending,10,1,23
73,2020-02-11,Completed,1,2,3
74,2022-05-08,Pending,9,2,18
75,2022-06-29,Completed,10,1,26
76,2021-02-15,Completed,5,2,29
77,2020-07-28,Pending,5,3,19
78,2021-04-22,Pending,8,1,6
79,2021-07-02,Completed,2,3,23
80,2022-06-02,Completed,8,2,7
81,2022-05-26,Completed,6,1,10
82,2020-06-01,Pending,6,3,11
83,2020-10-19,Pending,10,3,18
84,2021-06-26,Pending,3,4,7
85,2022-04-23,Pending,10,1,3
86,2020-11-24,Pending,9,1,10
87,2022-02-12,Completed,6,4,13
88,2020-06-06,Completed,7,1,32
89,2022-08-01,Pending,3,3,27
90,2023-01-03,Pending,6,3,21
91,2020-01-27,Pending,5,4,26
92,2020-12-19,Pending,4,3,24
93,2022-04-25,Completed,6,1,23
94,2021-11-12,Pending,7,4,19
95,2021-04-24,Pending,1,2,13
96,2020-09-06,Completed,4,2,21
97,2023-02-02,Completed,7,4,8
98,2022-03-30,Completed,7,2,10
99,2022-05-26,Pending,8,4,5
100,2022-09-21,Completed,3,4,8
101,2022-12-14,Completed,1,1,7
102,2022-03-24,Completed,1,4,14
103,2022-04-07,Completed,7,3,25
104,2021-04-20,Completed,7,1,29
105,2022-12-28,Pending,8,3,12
106,2020-11-15,Pending,7,4,26
107,2022-03-23,Completed,5,4,15
108,2022-04-09,Pending,1,1,2
109,2022-12-17,Pending,6,2,10
110,2020-03-12,Completed,3,2,11
111,2022-09-10,Pending,8,3,6
112,2021-06-18,Pending,5,2,4
113,2022-07-06,Completed,3,2,29
114,2022-08-05,Completed,6,2,10
115,2021-07-08,Completed,8,2,25
116,2021-09-03,Completed,5,1,16
117,2022-01-22,Pending,2,3,2
118,2020-02-08,Pending,8,2,27
119,2020-08-18,Completed,6,3,24
120,2021-02-26,Completed,9,1,3
121,2021-07-15,Completed,2,2,15
122,2022-03-07,Completed,5,2,20
123,2022-02-12,Completed,7,1,1
124,2022-02-27,Pending,5,2,15
125,2022-06-14,Pending,7,2,15
126,2020-03-06,Completed,2,1,16
127,2021-11-14,Pending,5,3,19
128,2020-02-16,Completed,9,2,27
129,2023-03-23,Pending,3,4,23
130,2021-09-18,Pending,1,4,14
131,2020-12-25,Pending,9,1,13
132,2021-11-14,Pending,10,4,26
133,2021-11-29,Completed,7,3,12
134,2021-08-27,Pending,7,2,22
135,2021-09-01,Completed,8,2,22
136,2022-06-14,Completed,2,4,17
137,2021-01-27,Completed,7,1,24
138,2021-04-03,Completed,2,3,20
139,2022-04-05,Pending,4,4,8
140,2020-11-25,Pending,4,1,16
141,2020-09-13,Completed,1,1,24
142,2022-06-28,Pending,10,1,29
143,2020-08-25,Completed,5,4,20
144,2023-01-01,Completed,5,1,18
145,2021-12-11,Pending,6,4,19
146,2020-12-25,Pending,5,1,2
147,2020-07-10,Pending,5,1,13
148,2022-09-06,Pending,7,4,6
149,2020-04-03,Pending,1,1,3
150,2021-11-04,Completed,8,3,26
151,2020-07-30,Pending,6,1,3
152,2020-12-25,Pending,3,3,17
153,2022-10-19,Completed,8,3,11
154,2020-05-20,Completed,1,3,8
155,2022-06-19,Pending,8,2,15
156,2021-12-12,Completed,7,3,22
157,2020-04-28,Completed,9,4,2
158,2021-03-21,Completed,9,1,32
159,2022-04-05,Completed,9,4,3
160,2020-09-12,Completed,3,3,16
161,2020-03-04,Completed,4,1,2
162,2021-10-17,Completed,5,2,9
163,2022-03-18,Completed,10,4,24
164,2021-10-17,Pending,6,2,25
165,2020-01-18,Pending,6,3,12
166,2022-04-11,Completed,5,2,9
167,2022-09-19,Pending,8,2,2
168,2021-10-25,Completed,10,3,21
169,2021-04-28,Pending,9,4,31
170,2022-04-28,Completed,9,3,10
171,2022-11-08,Pending,8,4,12
172,2022-08-11,Completed,2,2,12
173,2020-06-01,Pending,4,1,8
174,2021-12-10,Pending,1,3,29
175,2020-09-11,Pending,1,1,31
176,2020-01-28,Completed,2,3,32
177,2022-01-10,Pending,1,2,17
178,2020-05-07,Pending,5,4,20
179,2021-07-01,Pending,8,3,26
180,2020-01-16,Completed,4,2,4
181,2022-11-10,Pending,4,2,22
182,2023-03-21,Pending,8,1,2
183,2023-03-21,Completed,9,2,20
184,2022-06-26,Completed,9,4,16
185,2023-01-25,Pending,6,4,8
186,2020-08-14,Completed,6,2,20
187,2021-10-18,Pending,5,1,12
188,2020-04-22,Completed,3,4,11
189,2021-02-08,Completed,4,2,16
190,2020-11-08,Pending,6,3,18
191,2021-11-29,Pending,2,1,30
192,2021-03-11,Pending,6,1,8
193,2021-05-14,Completed,6,2,12
194,2020-03-23,Completed,6,1,11
195,2022-04-30,Completed,2,1,32
196,2020-12-22,Pending,9,1,5
197,2023-02-13,Pending,10,3,2
198,2020-02-29,Completed,10,1,16
199,2021-08-18,Completed,8,3,7
200,2020-05-02,Pending,4,2,29
201,2020-08-11,Completed,10,2,19
202,2023-03-14,Completed,9,1,28
203,2022-04-01,Completed,6,2,4
204,2021-10-28,Pending,2,3,16
205,2020-02-28,Completed,2,4,3
206,2021-08-11,Pending,7,4,11
207,2021-10-27,Pending,7,1,7
208,2020-09-20,Pending,4,1,2
209,2020-02-29,Completed,6,2,9
210,2021-10-06,Completed,4,3,28
211,2020-06-04,Pending,8,4,3
212,2022-06-18,Pending,2,3,16
213,2021-02-17,Completed,3,3,18
214,2022-08-10,Completed,10,1,15
215,2020-06-14,Pending,8,4,1
216,2021-04-18,Completed,8,2,11
217,2021-08-18,Completed,4,1,15
218,2021-06-03,Completed,9,1,31
219,2021-10-23,Pending,2,1,20
220,2022-05-08,Completed,1,4,28
221,2022-02-19,Pending,9,4,23
222,2021-04-03,Completed,10,2,27
223,2023-01-19,Pending,1,1,30
224,2020-05-26,Completed,1,4,17
225,2020-03-04,Pending,4,4,9
226,2023-03-02,Pending,3,3,27
227,2023-02-09,Pending,10,4,20
228,2020-06-09,Completed,2,3,1
229,2022-04-03,Pending,4,2,16
230,2021-03-17,Completed,7,1,22
231,2022-02-15,Pending,8,3,12
232,2022-10-20,Pending,2,1,8
233,2021-12-05,Pending,6,1,4
234,2021-07-31,Pending,1,1,21
235,2020-06-03,Pending,10,1,2
236,2021-09-19,Pending,9,2,20
237,2020-05-17,Pending,3,1,32
238,2022-12-22,Pending,8,3,11
239,2020-03-21,Completed,6,3,5
240,2021-08-12,Completed,4,3,21
241,2021-12-07,Completed,8,2,15
242,2022-06-20,Pending,5,3,27
243,2021-09-23,Pending,7,1,29
244,2022-11-05,Pending,3,1,15
245,2020-09-10,Completed,6,1,27
246,2020-03-01,Completed,3,3,22
247,2021-04-17,Pending,5,3,25
248,2021-05-18,Completed,5,4,29
249,2021-09-09,Pending,8,1,18
250,2022-01-25,Completed,10,3,16
251,2020-12-09,Completed,1,2,22
252,2021-05-07,Pending,4,3,20
253,2020-01-14,Pending,5,2,13
254,2021-09-20,Completed,6,4,17
255,2020-01-24,Pending,8,2,1
256,2022-06-10,Pending,3,4,18
257,2021-04-09,Pending,9,4,17
258,2021-01-08,Pending,3,4,28
259,2020-01-21,Completed,7,2,9
260,2020-03-05,Completed,1,1,19
261,2021-05-29,Pending,2,3,23
262,2022-08-29,Completed,1,1,6
263,2022-01-15,Pending,4,2,30
264,2022-03-16,Completed,6,3,30
265,2022-09-17,Pending,2,3,6
266,2021-02-08,Completed,7,1,10
267,2022-09-05,Completed,1,1,8
268,2020-03-06,Completed,9,1,15
269,2022-12-24,Pending,2,2,26
270,2020-10-31,Completed,10,4,32
271,2022-07-02,Pending,5,1,23
272,2022-04-10,Completed,4,4,25
273,2020-04-27,Pending,9,4,22
274,2021-11-01,Pending,1,1,10
275,2022-01-18,Completed,10,4,2
276,2020-01-12,Completed,5,2,23
277,2021-02-28,Pending,4,1,11
278,2022-05-01,Completed,10,1,16
279,2022-08-27,Completed,3,2,24
280,2023-03-05,Pending,6,3,7
281,2021-04-12,Completed,6,1,6
282,2020-11-08,Pending,6,1,14
283,2022-06-02,Pending,7,1,8
284,2022-10-11,Pending,5,1,18
285,2020-10-08,Completed,2,4,25
286,2023-01-11,Pending,10,2,29
287,2021-12-29,Pending,3,2,23
288,2020-09-19,Pending,5,2,27
289,2021-03-13,Pending,7,1,11
290,2020-09-05,Pending,10,1,30
291,2020-06-14,Pending,1,3,22
292,2020-11-19,Completed,5,2,3
293,2021-08-18,Completed,1,2,11
294,2022-12-20,Pending,5,2,3
295,2021-06-17,Completed,8,2,4
296,2022-09-14,Pending,10,2,27
297,2022-01-06,Pending,5,4,22
298,2020-06-04,Completed,10,1,12
299,2022-01-14,Completed,6,2,16
300,2022-04-29,Pending,10,1,27
301,2022-07-16,Completed,3,3,20
302,2021-09-24,Pending,3,4,14
303,2021-10-03,Completed,9,4,27
304,2020-04-30,Completed,10,1,24
305,2021-06-12,Pending,7,3,29
306,2022-09-08,Completed,10,3,1
307,2020-12-18,Pending,7,4,9
308,2021-08-31,Pending,4,2,5
309,2022-03-09,Pending,6,2,5
310,2021-03-30,Pending,9,1,9
311,2022-08-29,Completed,1,1,3
312,2020-05-10,Completed,1,1,5
313,2022-12-08,Completed,8,2,31
314,2022-08-25,Completed,4,3,1
315,2021-06-28,Pending,2,1,27
316,2020-05-03,Pending,9,4,20
317,2022-11-26,Pending,1,3,25
318,2021-06-24,Completed,8,4,3
319,2021-06-03,Completed,6,3,4
320,2022-08-24,Pending,6,1,30
321,2022-11-16,Pending,7,2,30
322,2023-03-21,Pending,10,2,31
323,2022-09-29,Completed,7,3,16
324,2020-10-29,Completed,8,2,12
325,2023-01-14,Pending,6,3,31
326,2020-03-15,Completed,6,1,21
327,2021-12-10,Completed,8,3,8
328,2021-02-22,Pending,9,2,31
329,2021-04-26,Pending,3,4,3
330,2021-04-23,Completed,8,4,15
331,2022-01-25,Completed,6,1,8
332,2020-07-26,Pending,2,3,31
333,2023-01-23,Pending,1,3,21
334,2020-02-05,Completed,4,1,7
335,2021-11-01,Pending,8,3,18
336,2022-10-23,Pending,1,3,12
337,2022-03-11,Completed,2,3,18
338,2021-06-10,Completed,2,3,6
339,2021-07-06,Completed,10,4,18
340,2023-01-14,Pending,1,1,1
341,2022-12-02,Pending,9,1,13
342,2021-07-27,Pending,5,1,22
343,2020-10-06,Pending,6,4,1
344,2020-12-28,Completed,10,1,23
345,2020-12-05,Completed,8,2,29
346,2020-04-26,Completed,9,2,11
347,2021-04-17,Completed,9,1,29
348,2022-01-30,Pending,1,1,24
349,2020-04-21,Completed,7,1,32
350,2020-03-21,Pending,7,3,1
351,2020-08-02,Completed,6,2,32
352,2020-10-26,Completed,10,4,32
353,2022-04-29,Pending,9,4,14
354,2020-04-10,Completed,5,2,24
355,2020-11-29,Pending,10,3,29
356,2021-11-28,Pending,4,2,20
357,2020-07-01,Pending,4,3,24
358,2020-04-04,Pending,2,3,29
359,2020-02-17,Pending,10,3,16
360,2022-07-03,Completed,6,4,16
361,2020-02-27,Completed,1,1,20
362,2022-07-25,Pending,7,2,30
363,2020-08-05,Pending,10,2,13
364,2020-11-14,Completed,4,3,32
365,2021-12-09,Completed,6,2,3
366,2020-08-21,Pending,7,2,26
367,2021-08-05,Completed,9,2,11
368,2022-05-14,Pending,7,2,1
369,2020-04-25,Pending,6,3,13
370,2020-03-07,Pending,1,4,10
371,2022-12-03,Pending,9,2,7
372,2022-09-27,Pending,4,4,12
373,2020-12-03,Completed,3,1,17
374,2023-01-16,Pending,9,4,23
375,2022-05-08,Completed,2,3,29
376,2021-06-16,Pending,2,1,3
377,2020-03-20,Pending,6,2,17
378,2022-11-02,Completed,2,1,22
379,2021-02-01,Completed,4,4,14
380,2022-06-01,Pending,2,3,26
381,2021-03-09,Completed,4,4,19
382,2020-04-19,Completed,3,4,29
383,2022-10-12,Pending,1,4,17
384,2020-01-27,Completed,8,2,23
385,2020-05-14,Pending,2,3,32
386,2022-03-18,Completed,9,3,3
387,2022-07-21,Pending,5,3,18
388,2021-09-27,Pending,3,3,21
389,2020-05-30,Pending,2,4,7
390,2022-06-19,Completed,9,3,4
391,2022-03-06,Pending,3,1,8
392,2021-11-11,Pending,6,4,27
393,2021-02-17,Completed,7,2,6
394,2023-03-23,Pending,3,2,21
395,2020-10-10,Completed,8,2,5
396,2022-03-28,Pending,7,1,24
397,2020-10-19,Completed,9,3,14
398,2020-04-02,Pending,10,4,12
399,2022-07-29,Completed,10,3,9
400,2021-06-30,Completed,10,3,7
401,2021-12-17,Pending,5,4,10
402,2020-08-03,Pending,9,3,24
403,2022-01-27,Pending,5,2,17
404,2023-03-17,Pending,3,4,18
405,2021-10-23,Completed,9,1,20
406,2022-01-07,Pending,3,4,2
407,2021-02-05,Pending,8,3,5
408,2023-02-07,Completed,9,1,12
409,2020-01-08,Completed,6,3,15
410,2021-12-10,Completed,6,1,27
411,2021-03-18,Completed,6,2,23
412,2020-08-20,Pending,8,2,20
413,2022-09-17,Pending,2,3,7
414,2022-01-06,Pending,10,2,25
415,2020-06-03,Pending,7,3,9
416,2021-03-05,Pending,3,2,13
417,2021-01-15,Completed,4,2,13
418,2021-08-21,Pending,9,4,7
419,2022-02-22,Completed,7,4,8
420,2020-01-15,Completed,2,2,9
421,2021-06-24,Completed,3,3,1
422,2021-12-05,Completed,5,2,19
423,2020-12-09,Pending,1,4,15
424,2022-07-17,Pending,6,1,23
425,2021-12-05,Pending,5,1,21
426,2020-09-28,Pending,2,1,17
427,2021-09-11,Pending,4,2,28
428,2022-05-30,Completed,7,1,27
429,2020-10-26,Pending,2,4,15
430,2022-03-01,Pending,3,4,24
431,2021-01-20,Pending,2,3,1
432,2021-05-06,Completed,1,1,25
433,2021-09-07,Completed,3,3,19
434,2021-08-08,Completed,7,4,30
435,2023-01-29,Pending,1,4,16
436,2021-12-30,Completed,7,4,26
437,2020-06-30,Pending,8,1,26
438,2022-08-14,Completed,7,3,11
439,2021-09-06,Pending,10,3,22
440,2022-02-28,Completed,5,3,10
441,2021-02-07,Completed,2,2,24
442,2022-08-07,Pending,3,4,20
443,2021-03-27,Pending,5,3,11
444,2020-07-08,Pending,8,4,7
445,2022-12-30,Pending,3,1,11
446,2022-12-09,Pending,4,1,3
447,2020-08-05,Completed,2,4,11
448,2021-06-16,Completed,1,4,30
449,2021-07-05,Pending,3,4,23
450,2022-02-26,Completed,3,3,2
451,2020-09-08,Completed,8,2,32
452,2021-12-28,Completed,9,4,11
453,2021-01-23,Completed,1,2,19
454,2021-02-06,Pending,3,1,18
455,2021-07-02,Pending,7,2,29
456,2021-09-24,Pending,1,2,18
457,2020-08-27,Completed,7,2,6
458,2021-12-14,Completed,6,3,32
459,2022-06-16,Completed,2,2,15
460,2020-09-21,Pending,4,1,19
461,2020-05-14,Completed,5,2,23
462,2022-06-11,Completed,5,2,5
463,2021-01-01,Completed,8,2,25
464,2021-05-05,Completed,1,2,21
465,2021-02-14,Completed,1,1,13
466,2022-03-12,Completed,5,2,13
467,2022-04-08,Pending,1,1,16
468,2020-08-04,Pending,6,4,3
469,2020-08-05,Pending,3,4,2
470,2020-04-12,Completed,2,4,1
471,2022-02-05,Pending,9,1,29
472,2020-02-12,Completed,2,3,14
473,2021-03-19,Completed,5,3,13
474,2021-11-08,Pending,10,4,14
475,2020-04-01,Pending,10,4,23
476,2020-05-13,Completed,1,4,32
477,2020-02-10,Completed,5,1,10
478,2022-02-09,Completed,9,1,7
479,2020-03-26,Pending,4,1,26
480,2022-02-08,Pending,2,1,28
481,2020-06-03,Completed,4,1,22
482,2021-09-25,Completed,5,3,1
483,2020-09-14,Pending,10,4,27
484,2022-04-30,Completed,10,1,23
485,2023-02-06,Completed,3,1,22
486,2023-01-12,Pending,5,2,31
487,2022-10-30,Pending,8,3,17
488,2023-01-04,Completed,5,4,16
489,2022-08-02,Pending,10,3,12
490,2022-07-06,Completed,6,3,24
491,2022-08-30,Pending,8,1,11
492,2022-02-10,Completed,10,3,18
493,2021-07-24,Pending,7,4,21
494,2022-11-05,Pending,5,3,7
495,2020-10-07,Pending,4,2,10
496,2022-09-18,Completed,7,3,31
497,2022-12-12,Completed,4,4,13
498,2020-11-04,Completed,2,3,6
499,2021-04-26,Completed,8,3,9
500,2022-05-31,Completed,1,3,30
501,2022-02-06,Completed,10,2,1
502,2021-02-22,Completed,2,4,32
503,2020-08-11,Pending,7,1,31
504,2020-06-05,Completed,7,3,30
505,2022-06-16,Completed,2,1,17
506,2020-08-12,Pending,8,1,29
507,2022-02-28,Completed,8,1,14
508,2020-03-06,Pending,3,1,22
509,2021-02-24,Pending,8,4,1
510,2022-01-21,Pending,7,3,19
511,2021-05-19,Pending,7,1,13
512,2021-04-03,Completed,2,2,30
513,2022-09-22,Pending,7,1,7
514,2022-10-12,Pending,4,1,15
515,2020-11-14,Pending,5,4,18
516,2022-05-20,Completed,1,4,20
517,2020-03-15,Completed,2,2,19
518,2022-02-22,Pending,4,1,27
519,2022-12-03,Completed,8,4,28
520,2022-08-09,Pending,8,4,20
521,2020-09-25,Completed,4,1,14
522,2022-02-25,Completed,3,2,28
523,2020-11-13,Completed,10,2,32
524,2021-04-17,Completed,1,3,7
525,2021-09-29,Completed,3,3,21
526,2020-08-21,Pending,8,2,12
527,2022-04-09,Pending,2,3,16
528,2021-02-12,Pending,10,4,11
529,2020-12-30,Pending,3,2,4
530,2023-03-17,Pending,6,1,4
531,2022-09-05,Pending,2,1,25
532,2022-10-13,Completed,10,4,10
533,2021-01-16,Pending,4,1,26
534,2022-03-31,Completed,6,2,14
535,2021-06-27,Completed,7,3,5
536,2022-03-06,Pending,5,2,12
537,2022-12-17,Pending,3,2,20
538,2020-03-31,Pending,2,3,12
539,2022-12-10,Completed,3,2,32
540,2022-12-22,Pending,4,3,12
541,2022-04-01,Completed,6,2,21
542,2020-03-16,Completed,1,4,29
543,2020-12-22,Pending,4,2,20
544,2020-02-02,Pending,8,3,25
545,2020-03-12,Pending,4,4,13
546,2020-11-11,Completed,8,1,26
547,2022-02-04,Pending,3,3,25
548,2023-02-08,Pending,1,3,27
549,2022-09-25,Pending,10,4,20
550,2021-03-13,Completed,8,4,5
551,2023-03-17,Pending,4,4,3
552,2022-03-17,Pending,6,2,4
553,2021-07-08,Pending,6,2,14
554,2022-04-19,Completed,8,3,14
555,2020-01-15,Pending,9,3,28
556,2021-05-13,Completed,1,4,32
557,2021-10-15,Completed,1,3,1
558,2023-02-08,Completed,9,3,25
559,2020-07-08,Completed,5,4,17
560,2022-10-02,Completed,6,4,13
561,2020-07-31,Pending,1,2,13
562,2021-09-20,Completed,5,4,28
563,2022-02-04,Pending,4,3,25
564,2020-05-03,Pending,5,4,26
565,2022-06-30,Pending,5,4,24
566,2021-12-06,Completed,5,4,22
567,2022-07-06,Completed,8,4,30
568,2021-10-03,Completed,9,3,7
569,2021-01-14,Completed,2,2,26
570,2020-07-12,Pending,9,3,20
571,2023-02-15,Completed,2,3,24
572,2022-02-12,Pending,4,2,10
573,2021-08-26,Pending,2,2,30
574,2020-06-17,Completed,3,1,30
575,2020-08-20,Pending,2,3,16
576,2021-01-15,Pending,3,3,2
577,2021-04-14,Completed,6,4,9
578,2022-12-25,Pending,4,4,32
579,2021-07-16,Completed,5,2,10
580,2021-05-25,Completed,7,2,1
581,2022-02-07,Completed,4,4,7
582,2022-11-16,Pending,2,1,28
583,2021-06-18,Pending,8,2,30
584,2022-07-14,Completed,8,4,29
585,2021-08-31,Completed,5,2,26
586,2021-02-16,Pending,10,4,8
587,2021-12-20,Completed,10,1,24
588,2020-06-30,Pending,9,2,8
589,2022-08-08,Pending,3,3,22
590,2020-06-12,Pending,7,1,29
591,2021-12-20,Pending,8,3,9
592,2022-02-02,Completed,5,1,10
593,2021-01-29,Pending,5,3,29
594,2020-08-07,Completed,5,1,3
595,2021-12-04,Completed,1,3,13
596,2021-08-01,Pending,5,3,5
597,2021-01-17,Pending,3,4,32
598,2021-09-01,Completed,10,1,13
599,2020-11-07,Completed,7,4,10
600,2022-06-16,Completed,6,4,15
601,2022-02-27,Completed,8,2,26
602,2022-11-03,Completed,7,3,10
603,2021-07-27,Completed,4,1,12
604,2022-01-17,Completed,7,4,14
605,2023-03-10,Completed,7,4,27
606,2022-11-04,Pending,8,3,3
607,2022-02-01,Pending,7,4,28
608,2022-07-18,Completed,3,4,21
609,2023-03-09,Completed,4,2,2
610,2023-01-31,Completed,8,2,23
611,2020-11-22,Completed,9,4,2
612,2021-02-15,Pending,7,2,14
613,2022-11-10,Completed,7,2,12
614,2020-03-10,Pending,5,2,4
615,2020-07-12,Completed,5,2,2
616,2023-03-08,Pending,7,2,28
617,2020-01-29,Completed,7,3,10
618,2022-03-16,Completed,7,4,3
619,2022-08-10,Pending,3,4,27
620,2023-01-17,Pending,1,3,23
621,2022-07-08,Pending,2,2,19
622,2020-07-11,Pending,1,2,18
623,2021-12-08,Completed,4,1,30
624,2020-04-22,Pending,9,1,30
625,2021-05-02,Completed,5,2,12
626,2021-04-02,Completed,7,2,32
627,2022-06-17,Completed,5,4,6
628,2022-01-15,Pending,9,4,3
629,2020-09-10,Completed,3,1,24
630,2021-02-27,Completed,1,2,20
631,2022-07-02,Pending,6,1,30
632,2021-09-14,Completed,10,4,28
633,2020-10-01,Completed,4,4,6
634,2020-02-20,Completed,8,1,20
635,2020-02-04,Pending,5,4,29
636,2020-02-08,Completed,5,3,2
637,2020-11-14,Pending,9,1,3
638,2022-02-20,Pending,5,2,21
639,2022-09-03,Completed,3,1,2
640,2020-12-30,Completed,1,2,29
641,2021-06-20,Pending,2,3,20
642,2020-02-17,Completed,2,4,15
643,2023-02-07,Pending,10,2,30
644,2022-03-08,Completed,10,4,24
645,2021-01-09,Pending,3,4,17
646,2020-10-24,Completed,2,2,1
647,2023-02-05,Completed,4,3,21
648,2020-01-17,Pending,8,3,15
649,2020-06-03,Pending,8,2,20
650,2020-03-15,Pending,8,2,32
651,2020-06-29,Completed,7,3,13
652,2021-05-09,Completed,6,4,18
653,2021-11-19,Completed,3,2,32
654,2022-11-23,Completed,10,3,5
655,2023-01-28,Completed,2,2,27
656,2020-07-16,Pending,4,4,13
657,2021-05-27,Completed,4,1,18
658,2021-08-03,Pending,1,3,21
659,2021-03-07,Pending,8,1,29
660,2021-04-14,Pending,2,4,27
661,2021-09-08,Pending,9,3,32
662,2020-05-18,Completed,2,1,32
663,2022-03-19,Completed,7,1,4
664,2020-10-22,Pending,5,2,9
665,2022-06-14,Completed,7,1,13
666,2022-01-14,Completed,1,4,22
667,2021-03-11,Completed,4,2,19
668,2020-02-07,Completed,10,1,29
669,2021-03-07,Completed,4,3,6
670,2020-09-02,Completed,3,2,27
671,2021-06-26,Pending,1,1,20
672,2020-09-13,Pending,1,1,7
673,2023-03-12,Completed,2,1,23
674,2020-12-03,Completed,5,2,19
675,2021-05-19,Completed,1,2,15
676,2020-09-24,Pending,9,2,18
677,2022-02-08,Pending,10,4,10
678,2020-01-26,Pending,2,2,21
679,2020-07-20,Pending,8,3,17
680,2021-05-12,Completed,10,2,14
681,2022-11-10,Completed,3,1,2
682,2021-07-11,Pending,10,4,18
683,2020-02-29,Completed,1,3,18
684,2021-10-28,Pending,1,2,20
685,2020-05-30,Pending,1,4,4
686,2021-01-15,Pending,2,2,28
687,2022-02-17,Pending,3,2,9
688,2021-04-16,Completed,8,1,15
689,2023-01-22,Pending,3,4,11
690,2020-09-16,Pending,5,4,16
691,2021-03-08,Completed,4,1,5
692,2022-09-14,Pending,1,4,1
693,2022-07-15,Completed,7,3,15
694,2020-01-13,Pending,2,4,10
695,2020-11-16,Completed,3,4,32
696,2022-01-27,Pending,10,3,20
697,2020-02-05,Pending,8,4,10
698,2021-02-05,Completed,1,2,16
699,2021-07-19,Completed,7,2,21
700,2020-03-18,Pending,7,1,25
701,2020-03-04,Pending,9,4,3
702,2022-09-04,Pending,2,4,5
703,2023-03-24,Pending,2,4,21
704,2020-10-31,Completed,7,2,18
705,2021-10-19,Completed,10,2,21
706,2022-10-16,Pending,4,3,12
707,2023-01-09,Pending,8,3,9
708,2021-01-12,Pending,2,4,15
709,2021-02-19,Completed,10,3,20
710,2021-07-24,Completed,2,1,8
711,2021-12-23,Pending,6,2,3
712,2022-05-01,Pending,5,2,29
713,2022-03-15,Pending,8,2,17
714,2021-10-19,Completed,1,3,25
715,2023-03-13,Completed,2,1,30
716,2021-02-26,Pending,10,2,20
717,2022-08-20,Completed,6,4,31
718,2020-10-23,Completed,7,2,16
719,2020-08-17,Pending,9,1,14
720,2020-06-25,Pending,1,2,14
721,2021-12-11,Pending,7,3,21
722,2020-09-24,Pending,4,1,1
723,2021-10-01,Pending,7,4,19
724,2022-08-05,Completed,3,1,7
725,2022-10-06,Pending,5,1,3
726,2022-02-16,Completed,4,3,22
727,2020-08-12,Pending,3,4,26
728,2020-04-19,Completed,2,2,9
729,2020-12-19,Pending,5,3,12
730,2022-10-25,Pending,10,4,1
731,2020-10-25,Completed,5,1,10
732,2020-08-03,Completed,7,4,20
733,2022-12-17,Pending,8,4,12
734,2022-11-15,Pending,8,2,1
735,2023-03-01,Pending,10,1,19
736,2021-11-09,Pending,7,4,25
737,2022-02-19,Pending,10,2,29
738,2022-01-12,Completed,5,4,20
739,2021-02-21,Completed,1,4,23
740,2022-11-27,Completed,10,4,3
741,2022-05-18,Pending,5,2,9
742,2020-04-20,Pending,10,1,16
743,2020-08-20,Completed,9,3,15
744,2021-12-31,Pending,3,1,9
745,2022-12-12,Completed,10,1,25
746,2021-11-10,Completed,6,3,17
747,2021-11-04,Completed,2,3,20
748,2020-05-02,Completed,7,4,5
749,2022-12-04,Completed,6,4,17
750,2023-02-21,Completed,1,4,4
751,2022-07-31,Completed,4,3,12
752,2022-08-04,Pending,10,1,9
753,2020-12-21,Pending,8,2,23
754,2021-10-09,Completed,6,1,20
755,2023-01-22,Completed,1,4,10
756,2020-03-13,Completed,5,3,5
757,2022-11-30,Pending,8,3,18
758,2020-12-16,Completed,4,3,32
759,2020-02-25,Pending,9,3,31
760,2022-10-09,Pending,7,3,7
761,2021-04-20,Pending,2,3,30
762,2022-03-16,Pending,2,1,32
763,2022-06-10,Completed,9,2,10
764,2021-06-30,Pending,4,3,9
765,2020-10-16,Pending,9,1,24
766,2021-07-09,Pending,4,1,2
767,2021-04-28,Completed,1,1,15
768,2020-12-28,Completed,9,4,10
769,2022-04-08,Completed,8,1,28
770,2020-02-12,Pending,2,2,28
771,2023-03-23,Pending,8,3,26
772,2022-05-05,Completed,9,3,22
773,2020-07-07,Pending,8,1,3
774,2022-05-28,Pending,9,2,5
775,2020-05-12,Completed,9,2,5
776,2020-11-13,Completed,6,1,16
777,2020-05-18,Completed,1,2,13
778,2022-05-16,Completed,9,4,29
779,2022-10-08,Pending,5,4,27
780,2022-12-24,Pending,1,4,23
781,2021-07-08,Completed,7,1,7
782,2020-09-02,Completed,3,1,18
783,2021-12-09,Pending,1,3,24
784,2022-09-14,Completed,4,1,4
785,2020-08-05,Completed,10,1,4
786,2022-11-28,Pending,8,3,3
787,2020-10-15,Completed,2,1,32
788,2020-03-24,Completed,4,4,2
789,2022-02-07,Completed,2,4,18
790,2020-05-24,Pending,1,1,3
791,2023-02-10,Completed,4,2,28
792,2022-04-22,Pending,6,2,24
793,2021-01-26,Completed,8,1,9
794,2022-02-28,Pending,9,4,11
795,2020-02-21,Pending,3,3,31
796,2022-10-05,Pending,1,3,31
797,2021-10-02,Completed,8,4,18
798,2021-11-01,Pending,9,4,11
799,2020-07-03,Completed,4,4,21
800,2021-12-09,Completed,10,3,19
801,2022-11-05,Completed,1,2,9
802,2023-01-06,Completed,1,3,9
803,2020-07-15,Completed,4,1,19
804,2021-06-20,Completed,10,1,6
805,2020-02-14,Pending,5,4,5
806,2020-09-15,Completed,6,3,22
807,2022-11-06,Pending,6,1,31
808,2020-11-15,Pending,3,1,12
809,2023-03-03,Completed,8,3,7
810,2020-03-27,Completed,9,1,12
811,2021-07-22,Pending,5,3,11
812,2022-09-21,Pending,3,4,27
813,2020-07-15,Pending,10,3,8
814,2020-01-27,Completed,6,1,4
815,2022-09-06,Completed,7,2,13
816,2021-08-04,Completed,9,1,27
817,2020-11-30,Completed,6,3,31
818,2022-11-19,Completed,8,4,28
819,2020-01-17,Pending,8,2,31
820,2021-03-31,Completed,1,1,30
821,2023-02-03,Completed,6,2,23
822,2022-09-05,Completed,5,2,19
823,2022-10-28,Pending,3,2,6
824,2022-03-08,Pending,10,2,10
825,2022-11-03,Completed,8,4,30
826,2021-08-29,Pending,9,1,23
827,2022-11-29,Pending,10,1,16
828,2021-05-12,Completed,3,3,6
829,2021-02-27,Completed,3,1,9
830,2022-01-30,Completed,7,1,25
831,2022-10-28,Pending,10,1,28
832,2022-04-04,Pending,7,3,5
833,2021-10-17,Pending,7,1,2
834,2022-11-06,Pending,4,1,23
835,2022-05-24,Pending,7,3,11
836,2022-03-05,Completed,6,1,7
837,2023-02-05,Completed,8,2,22
838,2021-01-21,Completed,2,1,12
839,2020-07-25,Completed,6,2,30
840,2022-07-14,Pending,2,2,29
841,2021-07-01,Pending,4,2,30
842,2022-10-31,Completed,2,1,16
843,2023-03-03,Completed,3,2,14
844,2021-04-09,Completed,2,1,6
845,2021-02-15,Completed,6,4,13
846,2021-12-09,Pending,10,1,15
847,2022-04-23,Pending,1,1,8
848,2021-09-10,Completed,3,2,8
849,2022-09-29,Pending,5,2,30
850,2022-12-28,Completed,7,2,22
851,2022-03-26,Completed,5,2,13
852,2022-10-27,Completed,9,3,31
853,2020-07-14,Pending,6,4,29
854,2021-11-16,Completed,10,2,23
855,2021-07-05,Pending,5,3,3
856,2022-08-07,Pending,10,1,25
857,2023-02-16,Pending,9,3,22
858,2021-06-10,Pending,6,3,4
859,2022-11-19,Pending,2,1,3
860,2022-07-04,Completed,4,3,8
861,2023-01-13,Pending,5,1,11
862,2021-11-20,Completed,5,4,3
863,2021-04-14,Completed,7,2,30
864,2022-11-11,Pending,2,2,9
865,2022-12-09,Completed,4,3,22
866,2020-07-05,Completed,3,4,8
867,2021-08-20,Pending,3,4,21
868,2023-03-10,Pending,4,2,11
869,2021-09-11,Completed,7,1,23
870,2020-10-19,Completed,9,4,1
871,2020-08-29,Pending,3,2,16
872,2021-06-27,Pending,1,4,26
873,2020-10-14,Completed,5,2,31
874,2023-01-30,Completed,10,2,23
875,2022-11-20,Completed,3,2,4
876,2021-06-12,Pending,3,4,31
877,2021-02-28,Pending,7,1,20
878,2022-12-05,Pending,10,4,5
879,2021-10-11,Pending,5,3,22
880,2021-12-15,Pending,7,3,20
881,2022-02-27,Pending,1,4,22
882,2020-06-07,Pending,4,1,15
883,2021-07-18,Completed,7,3,19
884,2020-01-17,Completed,9,1,17
885,2020-07-15,Pending,4,3,32
886,2021-05-03,Completed,3,3,2
887,2021-02-07,Pending,4,1,8
888,2021-02-08,Completed,9,2,12
889,2021-11-02,Completed,10,3,13
890,2022-02-06,Completed,5,4,11
891,2020-07-21,Pending,10,1,7
892,2021-11-30,Pending,10,1,13
893,2020-07-22,Completed,3,1,14
894,2020-08-05,Pending,9,1,29
895,2021-04-19,Completed,10,1,13
896,2022-02-08,Pending,5,1,10
897,2021-07-03,Pending,8,1,6
898,2021-12-23,Completed,3,4,4
899,2022-06-10,Pending,3,3,6
900,2021-06-26,Completed,2,2,9
901,2021-09-21,Pending,1,4,10
902,2022-07-02,Pending,7,3,10
903,2020-09-28,Pending,4,3,17
904,2021-06-22,Pending,3,1,30
905,2022-09-10,Pending,3,2,17
906,2022-09-10,Pending,6,4,31
907,2020-05-26,Completed,3,1,12
908,2020-12-02,Pending,10,2,10
909,2020-09-22,Completed,6,2,29
910,2020-04-26,Completed,1,3,4
911,2022-07-01,Pending,4,4,20
912,2021-01-03,Pending,2,3,1
913,2020-08-10,Completed,7,4,30
914,2020-12-02,Pending,8,3,8
915,2022-12-15,Pending,3,3,21
916,2022-04-25,Completed,9,3,31
917,2022-02-13,Pending,4,1,20
918,2020-03-09,Completed,3,3,27
919,2023-02-14,Completed,8,1,3
920,2020-11-11,Pending,2,2,17
921,2020-04-23,Pending,1,4,1
922,2020-06-26,Pending,5,2,24
923,2021-09-02,Completed,10,3,24
924,2021-01-29,Completed,8,4,1
925,2022-03-13,Pending,10,3,27
926,2020-07-19,Completed,7,1,17
927,2021-08-25,Pending,7,3,6
928,2021-03-12,Pending,6,2,2
929,2022-01-24,Pending,1,4,2
930,2022-09-26,Completed,2,4,5
931,2021-01-02,Pending,4,2,26
932,2021-05-18,Completed,1,1,30
933,2021-02-26,Pending,6,2,24
934,2022-02-08,Pending,8,3,2
935,2020-07-15,Completed,8,3,21
936,2022-08-27,Completed,7,1,8
937,2021-11-27,Completed,7,4,13
938,2022-01-03,Completed,9,3,17
939,2022-11-21,Completed,8,3,20
940,2021-03-23,Completed,7,3,16
941,2020-11-11,Completed,6,4,6
942,2020-01-25,Pending,8,2,15
943,2020-08-25,Completed,6,2,13
944,2021-10-29,Pending,3,2,22
945,2021-09-17,Pending,1,4,27
946,2021-03-11,Completed,9,2,22
947,2021-11-30,Completed,6,1,28
948,2022-03-17,Pending,1,2,9
949,2022-02-11,Pending,1,1,16
950,2021-11-25,Completed,3,3,7
951,2022-02-06,Completed,1,3,28
952,2022-11-01,Completed,7,3,25
953,2023-02-21,Pending,2,1,5
954,2022-04-29,Completed,7,1,10
955,2022-06-01,Pending,9,3,32
956,2022-08-10,Completed,10,3,24
957,2021-11-07,Completed,7,3,20
958,2020-12-06,Pending,2,1,27
959,2020-03-07,Completed,9,4,9
960,2021-07-01,Pending,3,4,4
961,2021-11-30,Completed,1,3,6
962,2023-03-03,Pending,10,3,31
963,2021-02-24,Completed,4,2,7
964,2020-06-07,Completed,1,3,22
965,2020-02-12,Pending,2,3,17
966,2020-07-18,Completed,9,2,10
967,2022-02-24,Pending,10,1,18
968,2022-09-29,Completed,2,4,25
969,2020-12-21,Completed,1,3,4
970,2022-03-29,Completed,5,2,7
971,2020-02-27,Completed,2,3,29
972,2022-10-08,Completed,2,1,23
973,2020-08-28,Pending,8,4,19
974,2022-03-18,Completed,7,2,31
975,2021-10-16,Completed,10,2,30
976,2021-10-12,Pending,2,1,10
977,2022-10-13,Completed,2,1,10
978,2023-01-15,Completed,3,3,11
979,2022-09-05,Pending,3,3,23
980,2022-12-27,Completed,4,4,24
981,2021-03-29,Completed,6,2,10
982,2022-03-25,Pending,10,2,4
983,2021-12-14,Pending,3,4,24
984,2020-01-15,Completed,5,1,13
985,2020-05-10,Completed,8,1,3
986,2020-01-07,Completed,1,3,1
987,2021-04-28,Completed,5,4,28
988,2020-06-10,Completed,9,4,4
989,2022-12-30,Completed,3,4,32
990,2022-04-24,Pending,1,4,13
991,2020-10-12,Completed,2,2,23
992,2022-03-18,Completed,8,4,17
993,2021-11-16,Completed,9,4,10
994,2020-07-30,Completed,8,4,25
995,2022-12-05,Pending,6,3,8
996,2021-04-30,Completed,9,4,8
997,2021-02-20,Completed,7,4,28
998,2021-07-31,Pending,4,4,5
999,2022-08-15,Completed,8,2,30
1000,2021-06-12,Pending,4,4,5
